modele,accuracy_moyenne,accuracy_ecart_type,log_loss_moyenne,log_loss_ecart_type,top_k_accuracy_moyenne,top_k_accuracy_ecart_type,n_folds,holdout_accuracy,holdout_log_loss,holdout_top_k_accuracy
mlp_tuned,0.970949765146087,0.00571475251536606,0.07798216719684854,0.034257294708659854,0.9987341772151899,0.0028304657943035464,5,0.9797979797979798,0.08699751067533351,0.9949494949494949
mlp,0.9785208184061778,0.0096249524813716,0.0954386756360662,0.03777838461304271,0.9974683544303797,0.0056609315886070434,5,0.9696969696969697,0.12000939254169868,0.9949494949494949
logistic_regression,0.9848419711806384,0.013873727984694864,0.1478535658987639,0.020568739055703774,1.0,0.0,5,0.98989898989899,0.11017564845121897,0.9949494949494949
knn,0.9419234137409441,0.009348208503326301,0.3805654941285989,0.09638278976190941,0.9987421383647799,0.0028126641226412443,5,0.9595959595959596,0.3591609899666061,0.9949494949494949
random_forest,0.9823103256110182,0.011295353554587065,0.8883491998258348,0.025510673915424328,0.9987341772151899,0.0028304657943035464,5,0.9747474747474747,0.7598575969903031,1.0
svm,0.9835841095454183,0.013105301234196174,2.5897758700936024,0.022209359583729108,0.9987341772151899,0.0028304657943035464,5,0.9949494949494949,2.358384172988201,0.9949494949494949
gradient_boosting,0.5757582994984476,0.04674551195088918,3.2190339048569854,0.5244841717980082,0.7247671363744924,0.03219235078253826,5,0.6060606060606061,2.7619990444197766,0.7575757575757576
