modele,accuracy_moyenne,accuracy_ecart_type,log_loss_moyenne,log_loss_ecart_type,top_k_accuracy_moyenne,top_k_accuracy_ecart_type,n_folds
mlp,0.9808080808080808,0.0065850529345481724,0.07951629701635218,0.023095926545217,0.998989898989899,0.002258654522727075,5
logistic_regression,0.9888888888888889,0.006585052934548121,0.1085561088979428,0.008473735304763957,0.998989898989899,0.002258654522727075,5
knn,0.9616161616161616,0.011627135791132682,0.26196337654063456,0.09869199215585571,0.997979797979798,0.0027662755429554023,5
random_forest,0.9818181818181818,0.007659470145506622,0.7600193022059268,0.014758068669924044,1.0,0.0,5
svm,0.9878787878787879,0.007659470145506614,2.353156880838673,0.031640438474030454,0.998989898989899,0.002258654522727075,5
gradient_boosting,0.6585858585858586,0.0479930869422408,2.4350280733644554,0.36244129676950826,0.78989898989899,0.027800725140450244,5
