modele,accuracy_moyenne,accuracy_ecart_type,log_loss_moyenne,log_loss_ecart_type,top_k_accuracy_moyenne,top_k_accuracy_ecart_type,n_folds
mlp,0.9787878787878789,0.0042255556895660655,0.0791089983875389,0.023193884675426803,0.998989898989899,0.002258654522727075,5
mlp_tuned,0.9747474747474747,0.008747731351357974,0.09357745495596359,0.032754557437692296,0.998989898989899,0.002258654522727075,5
logistic_regression,0.9868686868686869,0.005758461742924937,0.10824561065079649,0.008647002648728827,0.998989898989899,0.002258654522727075,5
knn,0.9606060606060606,0.010949234034686277,0.2640069116797724,0.09886195352960928,0.997979797979798,0.0027662755429554023,5
random_forest,0.9808080808080808,0.007491109582924919,0.7598132813070155,0.015058543497165476,1.0,0.0,5
svm,0.9868686868686869,0.009174698042719682,2.3546837088048593,0.03235196235198754,0.998989898989899,0.002258654522727075,5
gradient_boosting,0.6585858585858586,0.049690399499995326,2.423903652735425,0.3699618544643687,0.7909090909090908,0.028480549858326612,5
